{"cameraMode":{"drawMode":0,"name":"Shaded","section":"Shading Mode"},"sceneLighting":false,"audioPlay":false,"sceneViewState":{"showFog":true,"showMaterialUpdate":false,"showSkybox":true,"showFlares":true,"showImageEffects":true,"showParticleSystems":true},"in2DMode":false,"pivot":{"x":1.9196293354034424,"y":1.3429028987884522,"z":-2.9422311782836916},"rotation":{"x":0.07678043842315674,"y":-0.9217458963394165,"z":0.2402753084897995,"w":0.29454565048217776},"size":7.174726486206055,"orthographic":false}