{"cameraMode":{"drawMode":0,"name":"Shaded","section":"Shading Mode"},"sceneLighting":false,"audioPlay":false,"sceneViewState":{"showFog":true,"showMaterialUpdate":false,"showSkybox":true,"showFlares":true,"showImageEffects":true,"showParticleSystems":true},"in2DMode":false,"pivot":{"x":-16.52522087097168,"y":-3.306046962738037,"z":-16.16120719909668},"rotation":{"x":0.2643883526325226,"y":0.7020537853240967,"z":-0.32112714648246767,"w":0.5780109763145447},"size":22.346750259399415,"orthographic":false}